{"n":50,"m":2.0,"alpha":0.05,"v1":1,"v2":48,"sigmaFact":16908.807,"sigmaOst":352.267,"уx":"y=-31.667+0.556x","F_table":4.08,"F_calc":48.0,"output":"Уравнение значимо","Equation":{"A":-31.66663352606993,"A1":0.5555696017726707,"A2":0.0},"type":"line"}